<?xml version="1.0" encoding="UTF-8"?>
<project-private xmlns="http://www.netbeans.org/ns/project-private/1">
    <editor-bookmarks xmlns="http://www.netbeans.org/ns/editor-bookmarks/2" lastBookmarkId="0"/>
    <open-files xmlns="http://www.netbeans.org/ns/projectui-open-files/2">
        <group>
            <file>file:/C:/wamp64/www/Lifestyle_Store/PHP/includes/footer.php</file>
            <file>file:/C:/wamp64/www/Lifestyle_Store/PHP/login_submit.php</file>
            <file>file:/C:/wamp64/www/Lifestyle_Store/PHP/index.php</file>
            <file>file:/C:/wamp64/www/Lifestyle_Store/PHP/modal.php</file>
            <file>file:/C:/wamp64/www/Lifestyle_Store/PHP/includes/common.php</file>
            <file>file:/C:/wamp64/www/Lifestyle_Store/PHP/cart-add.php</file>
        </group>
    </open-files>
</project-private>
